<?xml-stylesheet type="text/xsl" href="..\..\ProgramSet\set.xsl"?>
<S>
  <P n="BatchProcessing" tip="General Batch Processing Settings" title="Batch Processing">
    <V label="Output DCO File" n="TaskDCOFile" tip="Specifies name for the output dco file for the task" type="text">taskname.xml</V>
    <V label="Allow Hold" n="Hold" tip="Allows placing batches on hold to continue later" type="checkbox">1</V>
    <P n="Navigation" tip="Settings that determine batch navigation" title="Navigation">
      <V label="Done Page Status(es)" n="DPS" tip="Cooma-separated list of Done statuses, used to determine next problem page, and when to release a batch" type="text">79,70,0,2</V>
      <V label="Ignored Page Status(es)" n="IPS" tip="Comma-separated list of Ignored statuses, used to skip Attachment pages from processing" type="text">128,75</V>
      <V label="Validation Statuses" n="DOF" tip="Comma-separated list of Done,Override,Fail statuses assigned after validation, according to results" type="text">0,2,1</V>
    </P>
  </P>
  <P n="Rulerunner" tip="Settings that enable RRS rules execution" title="Rulerunner Service">
    <V label="Main Task Profile" n="TProfile" tip="Main task profile to run on Submit" type="text" />
  </P>
  <P n="ProtoSet" tip="Settings for protoid task" title="Page ID">
    <V label="Special Variables" n="SuperVars" tip="Used to list possible values for Super variable - by hot key it cycles/clears possible values. To assign extra special meaning use following mnemonics: VarValue|RequireType,VarValue|RequireType" type="text">Delete</V>
    <V label="Document Integrity" n="DocIntegrity" tip="Spicifies whether to require rules/doc integrity check on Done. If RRC section is there - runs rrs rules as validations" type="checkbox">1</V>
  </P>
  <P n="TreeWebSet" tip="Settings for BatchView in web tasks" title="DCO Tree View">
    <V label="Read Only View" n="TreeReadOnly" tip="Setting to allow modification to batch structure" type="checkbox">0</V>
    <V label="Highlighted Types" n="HiTypes" tip="Comma-separated list of page types to highlight for better visual separation" type="text">Other</V>
    <G n="TreeVars" tip="Key-Value pairs to determine what to show in DCO View" title="Display Variables">
      <V client="ICN" label="Props for var" n="TYPE" tip="Comma-separated readOnly,VarMapping(options: [{name:'xxx', value:'xxx'},...])" type="text">{readOnly:'false'}</V>
      <V client="ICN" label="Props for var" n="STATUS" tip="Comma-separated readOnly,VarMapping(options: [{name:'xxx', value:'xxx'},...])" type="text">{readOnly:'true'}</V>
    </G>
  </P>
</S>