<?xml-stylesheet type="text/xsl" href="..\..\ProgramSet\set.xsl"?>
<S lang="en-US">
  <P tip="Select options for mobile clients" title="Mobile Capture" n="MobileCapture">
    <V n="SupportedFileTypes" label="Supported file types" tip="Comma separated list of file extensions that may be captured. Leave blank for any file extension." type="text">tif,tiff,jpg,jpeg</V>
    <V n="SupportedColor" label="Allow color images" tip="Allow color images to be captured" type="checkbox">1</V>
    <V n="SupportedGray" label="Allow grayscale images" tip="Allow grayscale images to be captured." type="checkbox">1</V>
    <V n="SupportedColorToGray" label="Convert color to grayscale" tip="Convert color images to grayscale on the client" type="checkbox">0</V>
    <G n="JobMonitorFields" title="Bind batch fields to Job Monitor columns" tip="Key-value pairs to associate batch fields to custom database columns in the tmbatch table known as XtraBatchFields">
      <V n="pb_Info" label="Job Monitor column" tip="pb_columnName tool tip" type="text">
      </V>
    </G>
    <V n="SupportedResolutionX" label="Resolution Minimum X" tip="" type="text">200</V>
    <V n="SupportedResolutionY" label="Resolution Minimum Y" tip="" type="text">100</V>
  </P>
</S>