{
	"aca_base_url": null,
	"adp_project_id": "e6cf3b57-4638-4de6-9d5a-9b648618d2c5",
	"analyze_target": "/adp/aca/v1/projects/[[adp_project_id]]/analyzers",
	"client_id": null,
	"client_secret": null,
	"field_suffix": null,
	"json_options": "ocr,dc,kvp,sn,hr,th,mt,ai,ds",
	"login_target": "/v1/preauth/validateAuth",
	"multiThreading": "false",
	"output_directory_path": "C:/Temp/StandaloneADP",
	"output_options": "json",
	"timeout_in_minutes": 3,
	"ums_base_url": null,
	"ums_password": null,
	"ums_username": null,
	"verify_token_target": "/usermgmt/v1/user/currentUserInfo",
	"zen_base_url": "https://cpd-adp-sales.cp4ba-prod-na-01-sales-b9aa1303e037748136e24e1f282ebee9-0000.us-east.containers.appdomain.cloud",
	"zen_password": "mzADP314$",
	"zen_username": "MikhailZilbergleyt"
}