{"classificationStatsIndex":"classificationstats","errorLog":"errorlog","fieldMLIndex":"fieldml","fieldStatsIndex":"fieldstats","groundTruthClassification":"groundtruthclassification","groundTruthFields":"groundtruthfields","minWaitTimeInMS":5000,"password":"[[6ctsnRUzKRb74WHez9Wmag==]]","performanceStatsIndex":"performancestats","port":9200,"protocol":"http","server":"localhost","user":"admin","variationDetails":"variationdetails","variationIdentifier":"variationidentifier","variationTableInfo":"variationtableinfo","variationTableLine":"variationtableline"}