{
   "Username":"datacapapi",
   "Password":"ibm",
   "Cluster_Url" : "https://cpd-zen.bankofamerica2-cpd-cluste-3868dcb63ac77efcad635c62525f249e-0000.us-south.containers.appdomain.cloud/icp4d-api/v1/authorize",
   "Service_Url" : "https://cpd-zen.bankofamerica2-cpd-cluste-3868dcb63ac77efcad635c62525f249e-0000.us-south.containers.appdomain.cloud/discovery/zen-wd/instances/1666985730640322/api",
   "Service_Version_Date":"2022-10-13",
   "Project_Id":"4ce5cebb-81d5-482e-8202-96ef8b9b5cd7",
   "Collection_Id":"27efd211-d5c2-2685-0000-01847ee49130"
}