<?xml version="1.0" encoding="UTF-8" standalone="yes"?>
<rsapp name="TradeFinance">
	<rsc>
		<ruleset id="14" name="Init" depends=""/>
		<ruleset id="30" name="FileImport" depends=""/>
		<ruleset id="18" name="Convert" depends=""/>
		<ruleset id="23" name="ImageFix" depends=""/>
		<ruleset id="7" name="Insight Recognition" depends=""/>
		<ruleset id="17" name="Classify" depends=""/>
		<ruleset id="11" name="Analyze Page Layout" depends=""/>
		<ruleset id="8" name="Finalize Page Layout" depends=""/>
		<ruleset id="5" name="EntitySearch" depends=""/>
		<ruleset id="2" name="Collection" depends=""/>
		<ruleset id="4" name="Verify" depends=""/>
		<ruleset id="1" name="Export" depends=""/>
		<ruleset id="9" name="RuntimeExtraction" depends=""/>
		<ruleset id="10" name="RouteToBAML" depends=""/>
		<ruleset id="12" name="Verify2" depends=""/>
		<ruleset id="13" name="Export2" depends=""/>
		<ruleset id="3" name="----------------------------" depends=""/>
		<ruleset id="6" name="RemoveTNC" depends=""/>
		<ruleset id="CreateDocuments.Rul.dll" name.dll="CreateDocuments" depends=""/>
		<ruleset id="IdentifyPages.Rul.dll" name.dll="IdentifyPages" depends=""/>
		<ruleset id="ImageEnhancement.Rul.dll" name.dll="ImageEnhancement" depends=""/>
		<ruleset id="Image_Convert.Rul.dll" name.dll="Image_Convert" depends=""/>
		<ruleset id="ImportFiles.Rul.dll" name.dll="ImportFiles" depends=""/>
		<ruleset id="RecognizePagesAndFields.Rul.dll" name.dll="RecognizePagesAndFields" depends=""/>
		<ruleset id="ValidateFields.Rul.dll" name.dll="ValidateFields" depends=""/>
		<ruleset id="15" name="Call ADP - No DCA" depends=""/>
		<ruleset id="16" name="MergeIntoMultiPageTiff" depends=""/>
		<ruleset id="19" name="exportToNewDir" depends=""/>
	</rsc>
	<tps>
		<tprofile name="VScan">
			<ruleset id="30"/>
		</tprofile>
		<tprofile name="PageID">
			<ruleset id="14"/>
			<ruleset id="18"/>
			<ruleset id="23"/>
			<ruleset id="7"/>
			<ruleset id="17"/>
		</tprofile>
		<tprofile name="Recognition">
			<ruleset id="11"/>
			<ruleset id="8"/>
		</tprofile>
		<tprofile name="Extraction">
			<ruleset id="15"/>
			<ruleset id="5"/>
			<ruleset id="2"/>
			<ruleset id="19"/>
		</tprofile>
		<tprofile name="NVerify">
			<ruleset id="4"/>
		</tprofile>
		<tprofile name="Export">
			<ruleset id="1"/>
		</tprofile>
		<tprofile name="RuntimeExtraction">
			<ruleset id="9"/>
		</tprofile>
		<tprofile name="NVerify2">
			<ruleset id="12"/>
		</tprofile>
		<tprofile name="Export2">
			<ruleset id="13"/>
		</tprofile>
		<tprofile name="RouteToBAML">
			<ruleset id="10"/>
		</tprofile>
		<tprofile name="Test">
			<ruleset id="CreateDocuments.Rul.dll"/>
			<ruleset id="16"/>
		</tprofile>
		<tprofile name="Convert">
			<ruleset id="15"/>
		</tprofile>
		<tprofile name="SaveToDir">
			<ruleset id="19"/>
		</tprofile>
	</tps>
</rsapp>